Timestamp,Email address,Team  Name,Domains ,Define about your level of experience in the hackathon ,Full Name (Team Leader),College Name (Team Leader)*,"Email Id (Team Leader)
",Phone Number (Team Leader),Name (Team Member 1),Campus (Team Member 1),Email Id (Team Member 1),Phone Number ( Team Member 1),Name (Team Member 2),Roll Number  (Team Member 2),Campus (Team Member 2),Email Id (Team Member 2),Phone Number (Team Member 2),Name (Team Member 3),Roll Number  (Team Member 3),Campus (Team Member 3),Email Id (Team Member 3),Phone Number (Team Member 3),Mode of Payment: ,  📎Upload Your Payment Screenshot*, 🧾 Transaction ID / Reference Number,NOW VERIFY YOUR BOOKING IN LUMA EVENTS FOR UPDATES JOIN AFTER AND ENTER THE TRACTION ID TO VERIFY,JOIN THE WHATSAPP GROUP FOR UPDATES   https://chat.whatsapp.com/FfRQPjRN6WrJKBaj3t9XMR?s=cl&p=a&mlu=4&ilr=4 <----------CLICK HERE TO JOIN 
2026-08-26 14:17:13,vvarshit41@gmail.com,The Phantom Troop ,AIML,Beginner,Varshith Vadugula,AVN Institute of Engineering and Technology,vvarshit41@gmail.com,9398898055,Sameer Shukla,AVN Institute of Engineering and Technology,sameershukla705@gmail.com,+91 91828 50740,Yesu Raju,255U1A7209,AVN Institute of Engineering and Technology ,tysongarfield14@gmail.com,+91 63030 61203,Rajesh khanna ,255U1A7217,AVN Institute of Engineering and Technology ,rajeshkhannajogu86@gmail.com,+91 81217 90204,8008087702@ptsbi,https://drive.google.com/open?id=1Z4RGITUDOwDTCmPV9vz7oXEN7_8B-e2w,01a03d3a-daec-7c4c-9413-16f0a8b59678,I HAVE SUBMITTED MY TRANSACTION ID IN LUMA WAITING FOR APPROVAL,HAVE YOU JOINED THE GROUP
2026-08-26 14:55:53,manaswiniyadav2007@gmail.com,Binary Brains ,,Beginner,Niharika Dudyala,AVN institute of engineering and technology ,niharikadudyala@gmail.com,8143517169,Manaswini Bomma ,AVN institute of engineering and technology ,manaswiniyadav2007@gmail.com,9000860676,Sowmitha Gogu,255U1A6738,AVN institute of engineering and technology ,sowmithagogu@gmail.com,9391848975,Geethika Maddila,255U1A6764,AVN institute of engineering and technology ,maddilageethika56@gmail.com,8977605660,8008087702@ptsbi,https://drive.google.com/open?id=1KDhMh7uBKWUzX7SRwl0tSZWzhg8RLquJ,T2608261452561403215770,I HAVE SUBMITTED MY TRANSACTION ID IN LUMA WAITING FOR APPROVAL,HAVE YOU JOINED THE GROUP
2026-08-27 15:51:24,suprajathantanapally@gmail.com,Hackspheres ,,Beginner,Supraja Thantanapally,Avn Institute of Engineering and technology ,suprajathantanapally@gmail.com,9618221029,Bhargavi ,Avn Institute of Engineering and technology , bhargavireddymudupu468@gmail.com,9110540338,Navya ,255U1A67A4,Avn Institute of Engineering and technology ,reddynavyareddy21@gmail.com,9182928471,Gayatri ,255U1A67B6,Avn Institute of Engineering and technology ,sunkarigayathri64@gmail.com,7702242205,8008087702@ptsbi,https://drive.google.com/open?id=1eN47n6U0bSeFXGOi3oSPhEvMzVpORG0t,T2608271545447319870173,I HAVE SUBMITTED MY TRANSACTION ID IN LUMA WAITING FOR APPROVAL,HAVE YOU JOINED THE GROUP
2026-08-28 13:19:05,jampanijyothi77@gmail.com,MB,,Beginner,B. Meghana,AVN institution of Engineering and Technology ,meghana.boddupally08@gmail.com,8919501604,Jampani Bhavya sree,AVN institution of Engineering and Technology,jampanibhavyasree70@gmail.com,7997823201,NA,NA,NA,NA,NA,NA,NA,NA,NA,NA,8008087702@ptsbi,https://drive.google.com/open?id=1Q0Dxz8tSoC0uq0a92Ib7WsOrUXI3jg6m,T2608281245555087451834,I HAVE SUBMITTED MY TRANSACTION ID IN LUMA WAITING FOR APPROVAL,HAVE YOU JOINED THE GROUP
2026-08-28 17:06:05,ramagirivinaykumar007@gmail.com,Code X,Open Innovation,Beginner,Ramagiri Vinay Kumar ,AVN institute of engineering and technology ,ramagirivinaykumar007@gmail.com,6303713680,Rajoli Sri kanth ,AVN institute of engineering and technology ,rajolisrikanth117@gamil.com,9502925691,Medi Smaran Madhav ,255U1A67B4,AVN institute of engineering and technology ,smaranmadhav1503@gamil.com,+91 91540 67681,Shivarathri Ram charan,255U1A67B2,AVN institute of engineering and technology ,ram33pr@gmail.com,9515364158,8008087702@ptsbi,https://drive.google.com/open?id=1hNav5c9eijvJpI7HT-oAfazvsUWBHBPP,624072798315,I HAVE SUBMITTED MY TRANSACTION ID IN LUMA WAITING FOR APPROVAL,HAVE YOU JOINED THE GROUP
2026-08-28 23:00:59,prashanthaug28@gmail.com,Ram Sethu ,LLMs & Automations,Beginner,S.prashanth Kumar ,AVNIET,prashanthaug28@gmail.com,9032272815,Siddharth saode,AVNIET,siddharthsarode2005@gmail.com,9082085772,S.karthik,245U1A67A3,AVNIET ,Karthiksalupala@gmail.com,7702398745,P.shiva,245U1A6793,AVNIET,Pangashiva4700@gmail.com,7981080429,8008087702@ptsbi,https://drive.google.com/open?id=1qbzd5dWwJx63_XVlDINhe636cdnnVzWS,T2608282250449194768050,I HAVE SUBMITTED MY TRANSACTION ID IN LUMA WAITING FOR APPROVAL,HAVE YOU JOINED THE GROUP
2026-08-31 00:10:12,raj.jaiswar44@gmail.com,KF,LLMs & Automations,Beginner,Raj Jaiswar,Terna Engineering College,raj.jaiswar44@gmail.com,8850270761,Manav Rajpurohit,Mumbai,manavr472@gmail.com,9004365490,Mohd. Hazique Sayed,,Mumbai,mohammedhaziquesayed4@gmail.com,9594737384,NA,NA,NA,NA,NA,8008087702@ptsbi,https://drive.google.com/open?id=1tcr706AGfdLYoychhZ9Fly_tAp1VTSEx,660930079549,I HAVE SUBMITTED MY TRANSACTION ID IN LUMA WAITING FOR APPROVAL,HAVE YOU JOINED THE GROUP
2026-08-31 15:53:53,aakashkotha17@gmail.com,Civic Saathi ,AIML,Beginner,Kotha Akash ,AVNIET ,aakashkotha17@gmail.com,8143574872,Himashu kumar singh ,AVNIET ,himanshu19122003@gmail.com,9398995431,Sabbithi sneha ,245U1A7255,AVNIET ,sabbithisneha2@gmail.com,9959369553,,,,,,8008087702@ptsbi,https://drive.google.com/open?id=19WS_z9DfDeP5xB19fGjV-l3ShhfqXpKB,T2608311550023392079655,I HAVE SUBMITTED MY TRANSACTION ID IN LUMA WAITING FOR APPROVAL,HAVE YOU JOINED THE GROUP
2026-08-31 21:53:03,deepakreddy6304@gmail.com,Deepak Reddy,AIML,Beginner,K Deepak Reddy,Avn institute of engineering and technology ,Deepakreddy6304@gmail.com,6304526421,Revanth Kalyanam,Avn institute of engineering and technology ,Revanthkalyanam18@gmail.com,7981905753,K sravanthi,245U1A6693,Avn institute of engineering and technology ,Sravanthikasireddy85@gmail.com,86396 87007,,,,,,8008087702@ptsbi,https://drive.google.com/open?id=1BdFHkEEZ1Pu7OKFn1M7aCI_kC-basFr1,T2608312147214142147932,I HAVE SUBMITTED MY TRANSACTION ID IN LUMA WAITING FOR APPROVAL,Its showing error in joining the group
2026-09-01 10:29:26,sathvikaballepu@gmail.com,Upss ,Open Innovation,Beginner,Sathvika ballepu,Avniet ,sathvikaballepu@gmail.com,8712131976,Pavani burroju,Pavani ,burrojupavani@gmail.com,7382116162,Ch.sriram,245U1A0429,Sriram,chinthakuntasriram87@gmail.com,9347765820,G.uttham,245U1A0439,Uttham,utthamthirumal@gmail.com,8919804623,8008087702@ptsbi,https://drive.google.com/open?id=1UOy6-YPaYEcOp4LtLsT29GDhcOpUxqbp,T2609010955000894861418,I HAVE SUBMITTED MY TRANSACTION ID IN LUMA WAITING FOR APPROVAL,No
2026-09-01 22:37:43,faizanahmed.cse@gmail.com,GigGurus,AIML,Advance,Shaik Faizan Ahmed,CVR College of Engineering,faizanahmed.cse@gmail.com,6303520547,Punna Gurunanda,CVR College of Engineering,punnagurunandanetha@gmail.com,8332837747,Harivallabha Sai Surishetty,23B81A0577,CVR College of Engineering,vikasrao.banala@gmail.com,9030306442,Banala Vikas Rao,23B81A05R0,CVR College of Engineering,vikasrao.banala@gmail.com,9392397900,8008087702@ptsbi,https://drive.google.com/open?id=1y3jDAg2JHxA4ud4VJeJLP4b3bvHqqVoc,624446063177,I HAVE SUBMITTED MY TRANSACTION ID IN LUMA WAITING FOR APPROVAL,link is not working
2026-09-02 07:55:44,kr1703801@gmail.com,KLR,LLMs & Automations,Beginner,Nimmala Karthik ,AVNIET ,kr1703801@gmail.com,8121590637,Challa Laxman,Challa Laxman ,laxmanreddychalla779@gmail.com,8074350734,,,,,,,,,,,8008087702@ptsbi,https://drive.google.com/open?id=1cLq3haqHXzce_t_dSza6FNAhyQPbaTOO,8121590637,I HAVE SUBMITTED MY TRANSACTION ID IN LUMA WAITING FOR APPROVAL,HAVE YOU JOINED THE GROUP
2026-09-02 11:35:21,saisrikarpulijala@gmail.com,PromptVerse,Open Innovation,Beginner,Singireddy Varun Sandhesh Reddy,AVN Institute of Engineering and Technology,svarunsandhehsreddy09@gmail.com,9348586816,Pulijala Sai Srikar,AVN Institute of Engineering and Technology,saisrikarpulijaala@gmail.com,8985972426,Mohammed Misbahuddin,255U1A0458,AVN Institute of Engineering and Technology,misbahmohammed113@gmail.com,8309388932,Katta rohith,257Q1A7219,Brilliant Institute of Engineering and Technology ,kattarohithm@gmail.com,9533608344,8008087702@ptsbi,https://drive.google.com/open?id=1OF-0MA9bmi_WDhHz3mTSbdUUZQDva0st,313753329679,I HAVE SUBMITTED MY TRANSACTION ID IN LUMA WAITING FOR APPROVAL,The link was reset
2026-09-02 15:59:55,praneethgodasi@gmail.com,VYRO,Open Innovation,Beginner,G Praneeth Kumar,Avn institute of engineering and technology ,praneethgodasi@gmail.com,7799368936,J Bhavani shetty,Avn institute of engineering and technology ,bhavanishettyy07@gmail.com,8885565406,A Sai Ruthvik,245U1A6705,Avn institute of engineering and technology ,akkinenisairuthvik25@gmail.com,95425 02829,,,,,,8008087702@ptsbi,https://drive.google.com/open?id=1Ji8ufXX3luhi3iea9RwPQjdoToleYH5a,T2609021557204411575177,I HAVE SUBMITTED MY TRANSACTION ID IN LUMA WAITING FOR APPROVAL,HAVE YOU JOINED THE GROUP
2026-09-02 18:39:17,shanmukhatejareddyp@gmail.com,Delulu devopers,Open Innovation,Beginner,P Shanmukha Teja Reddy ,AVNIET ,shanmukhatejareddyp@gmail.com,6309551375,Mohammed Zubair,AVNIET ,zubair03222006@gmail.com,9346206821,Syed Asrar,255U1A05N4,AVNIET ,asrarsyed019@gmail.com,9493960071,Sayeed bin Hasan,255U1A05M3,AVNIET ,sayeedbinhasan213@gmail.com,+91 73828 90071,8008087702@ptsbi,https://drive.google.com/open?id=1DsN_XDvRdZFZyTeIpB3F91f0M6fH7Wmb,01a06239-b33c-73cb-883e-e3a9b0b91295,I HAVE SUBMITTED MY TRANSACTION ID IN LUMA WAITING FOR APPROVAL,HAVE YOU JOINED THE GROUP
2026-09-02 19:52:45,vanaganimanideepika@gmail.com,V . Manideepika ,Open Innovation,Beginner,Vanagani Manideepika ,AVNIET,vanaganimanideepika@gmail.com,9030635879,V. Akhil,Koheda,vallepuakhil820@gmail.com,9966853886,P. Shailaja ,255U1A6245,Kodeha,s07827703@gmail.com,9866584734,,,,,,8008087702@ptsbi,https://drive.google.com/open?id=1_v495fPXrabxuNOmwtKj_y-Q-CpbTh8B,9030635879,I HAVE SUBMITTED MY TRANSACTION ID IN LUMA WAITING FOR APPROVAL,It can't be joined because it is reset 
2026-09-02 20:42:00,adithyashankar21@gmail.com,Astral Code,AIML,Beginner,Adithya Shankar,SRM Institute of Science and Technology - Ramapuram,adithyashankar21@gmail.com,6383376758,Rahul Bala Amith M,SRM Institute of Science and Technology - Ramapuram,rahulbalaamith0911@gmail.com,99620 79921,Vignesh Kumar,,SRM Institute of Science and Technology - Ramapuram,vvigneshkumarn@gmail.com, 63693 53934,Harish V,,SRM Institute of Science and Technology - Ramapuram,harishv2006@gmail.com, 90809 27246,8008087702@ptsbi,https://drive.google.com/open?id=1j-U6s4h457fAB6UGJbDhPkoihVlqK2Yr,128926395001,I HAVE SUBMITTED MY TRANSACTION ID IN LUMA WAITING FOR APPROVAL,The link is not enabling me to join the whatsapp group
2026-09-02 21:45:44,s.d.sri.aparna@gmail.com,ThinkBot,Open Innovation,Beginner,Surampudi Divya Sri Aparna,"Aditya Degree College For Women, Kakinada",s.d.sri.aparna@gmail.com,8317540277,Malla Hema Atchuta,"Aditya Degree College For Women, Kakinada",hemasweety763@gmail.com,8519867156,Tamalampudi Jeevana Lahari Priya,3,"Aditya Degree College For Women , Kakinada",tamalampudipriyareddy@gmail.com,91775 64515,NO,NO,NO,NO,NO,8008087702@ptsbi,https://drive.google.com/open?id=16At7XfLP-t-9dsy-gOQzKEIFAYQSNG4M,T2609022137527402742284,I HAVE SUBMITTED MY TRANSACTION ID IN LUMA WAITING FOR APPROVAL,HAVE YOU JOINED THE GROUP
2026-09-02 22:46:10,karthikreddyfam@gmail.com,Project Paradox,LLMs & Automations,Beginner,Dhurjeti Pratap sharma,Malla Reddy vishwavidyapeeth deemed to be university ,dpratapsharma@gmail.com,8977668904,Dhurjeti Pratap sharma,Malla Reddy vishwavidyapeeth deemed to be university ,dpratapsharma@gmail.com,8977668904,Nimmakayala Venkata Jayasimha ,25MVCSER00627,Malla Reddy vishwavidyapeeth deemed to be university ,jayasim714@gmail.com,9392349827,GATHPA KARTHIK REDDY ,25MVICBR0012,Malla Reddy vishwavidyapeeth deemed to be university ,karthikreddy20077@gmail.com,7288977045,8008087702@ptsbi,https://drive.google.com/open?id=1WhINZuPkAtMu5Rud8tYBjL4_16KHoRK9,313807993233,I HAVE SUBMITTED MY TRANSACTION ID IN LUMA WAITING FOR APPROVAL,The link was reset 
2026-09-03 11:54:30,ananthadimpu@gmail.com,Cyber Warriors,Open Innovation,Beginner,Navaneeth Kumar Anantha ,AVN INSTITUTION OF ENGENEERING AND TECHNOLOGY ,ananthadimpu@gmail.com,+91 9247141575,Shaik Junaid Pasha ,AVN INSTITUTION OF ENGENEERING AND TECHNOLOGY ,shakjunaidpasha@gmail.com,9346037282,,,,,,,,,,,8008087702@ptsbi,https://drive.google.com/open?id=1AQVAwN-LyENRbbpHox4N-tfi6GtiyVAy,T2609031139028606546323,I HAVE SUBMITTED MY TRANSACTION ID IN LUMA WAITING FOR APPROVAL,HAVE YOU JOINED THE GROUP
2026-09-03 13:29:59,kaithabindusri@gmail.com,Team cyber,Open Innovation,Beginner,Cheemarla Harshitha ,AVN INSTITUTION OF ENGINEERING AND TECHNOLOGY ,harshithacheemarla09,8523072017,Kaitha Bindu sri,AVNIET,kaithabindusri@gmail.com,9381612773,Undyala Varshitha,255U1A6259,AVNIET,,,,,,,,8008087702@ptsbi,https://drive.google.com/open?id=1_X8h68uKW7Kh_mzOuaywzuYQQ_cSrzNn,T2609031327400333545021,I HAVE SUBMITTED MY TRANSACTION ID IN LUMA WAITING FOR APPROVAL,HAVE YOU JOINED THE GROUP
2026-09-03 14:13:15,vaishnavineti1@gmail.com,Brilliant Minds Wizards,Open Innovation,Beginner,NETI HOSHINI SAI SRI VAISHNAVI,Swarnandhra College of Engineering and Technology,vaishnavineti1@gmail.com,9133178348,Pravalika Chadaram,Swarnandhra College of Engineering and Technology,pravalikachadaram3@gmail.com,7569099668,AVINASH DONDAPATI,24A21A5416,Swarnandhra College of Engineering and Technology,amarofficials904@gmail.com,9963848610,,,,,,8008087702@ptsbi,https://drive.google.com/open?id=1erJMAS5VIKHg2XVmAunxzJXn__dR6tGx,624613993646,I HAVE SUBMITTED MY TRANSACTION ID IN LUMA WAITING FOR APPROVAL,The link was reset
2026-09-03 14:24:14,siddardhakumaryalakala@gmail.com, TRIFORGE,Open Innovation,Beginner,Siddardha Kumar Yalakala ,Swarnandhra College of Engineering and Technology ,siddardhakumaryalakala@gmail.com,9347538946,Valavala Navya Sri Padmini ,Swarnandhra College of engineering and technology ,valavalanavya2007@gmail.com,8142744312,Kolla sai durga praveen ,23A21A6151,Swarnandhra College of engineering and technology ,kollasaidurgapraveen@gmail.com,9515681019,,,,,,8008087702@ptsbi,https://drive.google.com/open?id=1RUHT6kMArKIO3MEP66LTSDn5WVQTsH5H,661270832468,I HAVE SUBMITTED MY TRANSACTION ID IN LUMA WAITING FOR APPROVAL,The link is reset
2026-09-03 15:51:21,mrudulamaddela7@gmail.com,Commit & pray,Open Innovation,Beginner,Mrudula ,AVN Institute of engineering and technology ,mrudulamaddela7@gmail.com,8008448199,Priya varshini,AVN Institute of engineering and technology ,heypriya2006@gmail.com,9032988196,MD Umeir Aliyaan,255U1A05E6,AVN institute of engineering and technology ,umeiraliyaan6@gmail.com ,9989339182,,,,,,8008087702@ptsbi,https://drive.google.com/open?id=1HsuJ9yDwSZcWNkfasOoRGXXF7iOQ-n00,T2609031533319316140605,I HAVE SUBMITTED MY TRANSACTION ID IN LUMA WAITING FOR APPROVAL,HAVE YOU JOINED THE GROUP
2026-09-03 19:32:39,bhuvanapasupuleti2005@gmail.com,Spark,AIML,Beginner,Pasupuleti Bhuvaneswari,"Aditya Degree College for women, kakinada",bhuvanapasupuleti2005@gmail.com,09849108874,Jyoshna nammi,"Aditya Degree College, Kakinada",lakshmi76joshna18@gmail.com,9063460448,,,,,,,,,,,8008087702@ptsbi,https://drive.google.com/open?id=1h7vyQ7G_OqtAkO0ZYflpzhB45et0GZ9f,T2609031851358813931995,I HAVE SUBMITTED MY TRANSACTION ID IN LUMA WAITING FOR APPROVAL,"Yes, I have joined the group."
2026-09-03 20:17:22,rajaditya09930@gmail.com,innov8,AIML,Beginner,Aditya raj,scottish public school,rajaditya09930@gmail.com ,7480939024,Aarohi,scottish public school,sauravkumarsingh1202@gmail.com,70502244388,kanishka Rana,2,scottish public school,k4nishka.pc@gmail.com,9570629731,Anu Mahto ,3,scottish public school,anu17mahto@gmail.com,9431607535,8008087702@ptsbi,https://drive.google.com/open?id=1DXDGtdeDmN8XV2brhK3iOe1g5dXHgJuk,01a067b9-8acd-7cd5-9432-e234304c783a,I HAVE SUBMITTED MY TRANSACTION ID IN LUMA WAITING FOR APPROVAL,HAVE YOU JOINED THE GROUP
2026-09-03 21:06:25,galileelaprasanth@gmail.com,Code Nexus,Open Innovation,Beginner,Gali Leela Prashanth,Swarnandhra Collage of Engineering & Technology,galileelaprasanth@gmail.com,9951425273,Yarramsetti Yugandhar Ramsai,Swarnandhra Collage of Engineering & Technology,yugandharramsai350@gmail.com,9063664585,Akula Hanuman Saitej,24A21A5403,Swarnandhra Collage of Engineering & Technology,Hanumansaitejakula@gmail.com,6305438349,Dasari johith pavan kumar,24A21A5414,Swarnandhra Collage of Engineering & Technology,naidupavan5809@gmail.com,8019768389,8008087702@ptsbi,https://drive.google.com/open?id=1RqNJ4EqlqjZTA4hj0uiYoA2lbU3HRoZa,T2609032100457357178835,I HAVE SUBMITTED MY TRANSACTION ID IN LUMA WAITING FOR APPROVAL,HAVE YOU JOINED THE GROUP
2026-09-03 22:34:37,rajsumukesh@gmail.com,Apex Inovators,,Beginner,AKULA SUMUKESH RAJ GUPTA,SRI INDU COLLEGE OF ENGINEERING AND TECHNOLOGY,rajsumukesh@gmail.com,9492551563,Charla charan kumar,SRI INDU COLLEGE OF ENGINEERING AND TECHNOLOGY,charlacharankumar@gmail.com,63057 51655,Anreddy sarvajith reddy,,SRI INDU COLLEGE OF ENGINEERING AND TECHNOLOGY,sarvajithr044@gmail.com,63050 44168,,,,,,8008087702@ptsbi,https://drive.google.com/open?id=1kmutKG-Kyf5Gt-aWWY_Xe9GdBkebWsCD,OMK27ab57bd8e96f42,I HAVE SUBMITTED MY TRANSACTION ID IN LUMA WAITING FOR APPROVAL,HAVE YOU JOINED THE GROUP
2026-09-03 22:40:08,raghavendra7672@gmail.com,Team Arise,Open Innovation,Beginner,C RAGHAVENDRA ,AVN INSTITUTE OF ENGINEERING AND TECHNOLOGY ,raghavendra7672@gmail.com,9347848930,DHOLKA YESHWANTH,AVN INSTITUTE OF ENGINEERING AND TECHNOLOGY ,dolkasiddu1289@gmail.com,78422 86712,AKULA CHINNARI,255U5A6601,AVN INSTITUTE OF ENGINEERING AND TECHNOLOGY ,likhithanjaliakula@gmail.com,93811 18218,GADDAM JYOTHI,245U1A6658,AVN INSTITUTE OF ENGINEERING AND TECHNOLOGY ,jyothi182006@gmail.com,+91 83099 43721,8008087702@ptsbi,https://drive.google.com/open?id=1bB0dc3IOP8eNuKmVM42_d3-vpK_RSWwP,T2609032219579459013536,I HAVE SUBMITTED MY TRANSACTION ID IN LUMA WAITING FOR APPROVAL,HAVE YOU JOINED THE GROUP
2026-09-04 09:31:27,asidharth483@gmail.com,NEXORA,Open Innovation,Beginner,SIDHARTH AGARWAL,AVN INSTITUTE OF ENGINEERING AND TECHNOLOGY,asidharth483@gmail.com,9398226919,SHAIK FAZEELATH ZAHEER,AVN INSTITUTE OF ENGINEERING AND TECHNOLOGY,fizazaheer227@gmail.com,9491761034,VENKATESH RAVOORI ,255U1A66L3,AVN INSTITUTE OF ENGINEERING AND TECHNOLOGY,venkateshravoori21@gmail.com,7330837003,RAJESHWAR YASANI,255U1A66Q6,AVN INSTITUTE OF ENGINEERING AND TECHNOLOGY,rajeshwarresddy1012@gmail.com,8106679841,8008087702@ptsbi,https://drive.google.com/open?id=1jAkc4CREOrCiKwv4JRy1aZd3_kVsE3qU,01a06a87-d566-7b25-962e-a05d54e866b5,I HAVE SUBMITTED MY TRANSACTION ID IN LUMA WAITING FOR APPROVAL,yes
2026-09-04 09:37:37,amallashwithanreddy@gmail.com,VASUDEV ,LLMs & Automations,Beginner,Amalla Shwithan Reddy ,AVNIET ,amallashwithanreddy@gmail.com,9849240491,D.Aryan ,AVNIET ,aryatrader05@gmail.com,95509 54123,A.Abhishek ,255U1A6615,AVNIET ,abhishekaushala@gmail.com,93465 03370,Vemunuri Aashritha,255U1A66Q1,AVNIET ,aashrithavemunuri4@gmail.com,93917 25329,8008087702@ptsbi,https://drive.google.com/open?id=1_dnfHXQ9WjPqsQgou0SFgCxc1VFczLCp,T2609040824434531548042,I HAVE SUBMITTED MY TRANSACTION ID IN LUMA WAITING FOR APPROVAL,HAVE YOU JOINED THE GROUP
2026-09-04 10:16:18,tejanagasaiganesh@gmail.com,Code Titans,Open Innovation,Beginner,Kolukuluri Teja Naga Sai Ganesh,Swarnandhra College of Engineering and Technology,tejanagasaiganesh@gmail.com,9392962945,Kaila Tarun Nagendra,Swarnandhra College of Engineering and Technology,kailatarun53@gmail.com,7997180918,Buddaraju Lokesh Anjaneya Varma,24A21A5409,Swarnandhra College of Engineering and Technology,buddarajulokesh@gmail.com,8330977753,Adabala Sumanth Venkata Satya Sai Pavan,24A21A5401,Swarnandhra College of Engineering and Technology,sumanthpavan324@gmail.com,7013800369,8008087702@ptsbi,https://drive.google.com/open?id=1YRnss_S2KZpNA1ypdd2wAASSQiqqex8T,T2609041009335820011227,I HAVE SUBMITTED MY TRANSACTION ID IN LUMA WAITING FOR APPROVAL,HAVE YOU JOINED THE GROUP
2026-09-04 11:23:08,hyswikakotana@gmail.com,Cogniva,Open Innovation,Beginner,Kotana Hyswika,"Aditya degree college for women, Kakinada, Ap",hyswikakotana@gmail.com,6305903334,Tangeti Maneesha,"Aditya degree college for women, Kakinada, Ap",maneeshatangeti29@gmail.com,7989722449,Koyya Veera Vaishnavi,,"Aditya degree college for women, Kakinada, Ap",koyyaveeravaishnavi@gmail.com,9347652984,Vakapalli Manasi Reshmi,,"Aditya degree college for women, Kakinada, Ap",manasireshmi12@gmail.com,9030411029,8008087702@ptsbi,https://drive.google.com/open?id=1a2RLZVQnVPzayRia6zW3eBA_L-KX3Q8m,T2609041111160851901241,I HAVE SUBMITTED MY TRANSACTION ID IN LUMA WAITING FOR APPROVAL,HAVE YOU JOINED THE GROUP
2026-09-04 11:37:06,sunnyrohith051106@gmail.com,Nexus,Open Innovation,Beginner,E Rohith Kumar ,AVNIET ,sunnyrohith051106@gmail.com,8121155418,A.Anjaneyulu,AVNIET,anjigoud7671@gmail.com, 76719 09895,Sai Chandana,245U1A0542,AVNIET ,candana2023@gmail.com,7981761392,D Joshnavi,245U1A0550,AVNIET ,joshnavidudipala@gmail.com,8374889368,8008087702@ptsbi,https://drive.google.com/open?id=18csdzClrLdYJlR3E-1oWkI6w0EUBrpdH,8121155418,I HAVE SUBMITTED MY TRANSACTION ID IN LUMA WAITING FOR APPROVAL,HAVE YOU JOINED THE GROUP
2026-09-04 11:54:23,divyamalathi1710@gmail.com,Aivora,Open Innovation,Beginner,Pitta Divya malathi,"Aditya degree & pg college for women, Kakinada, AP",divyamalathi1710@gmail.com,9505002782,komati Deepika,"Aditya degree & pg college for women, Kakinada, AP",komatideepika@gmail.com,6300273488,Madimani Durga tanuja,,"Aditya degree & pg college for women, Kakinada, AP",tanujamadimani@gmail.com,7386708095,Veluduti Hasini,,"Aditya degree & pg college for women, Kakinada, AP",veludutihasini@mai.com,7981212205,8008087702@ptsbi,https://drive.google.com/open?id=1xXcVCUyde6mHFW0h2PCV8nMICqUe0y1i,T2609041139590842142785,I HAVE SUBMITTED MY TRANSACTION ID IN LUMA WAITING FOR APPROVAL,HAVE YOU JOINED THE GROUP
2026-09-04 12:14:48,purivijayahasini@gmail.com,404 founders,AIML,Beginner,P. Vijaya hasini,AVN INSTITUTE OF ENGINEERING AND TECHNOLOGY ,purivijayahasini@gmail.com,9381115118,P. Mamatha,AVN INSTITUTE OF ENGINEERING AND TECHNOLOGY ,mamathareddy9346334389@gmail.com,8309022491,B. Himesh babu,25MVCSMR0286,Mallareddy technical campus ,himeshbabu.b@gmail.com,+91 82973 90581,N/A,N/A,N/A,N/A,N/A,8008087702@ptsbi,https://drive.google.com/open?id=19FReywiCWAIbU48A5ssrlAFpQxdth_hu,T2609041206463435397882,I HAVE SUBMITTED MY TRANSACTION ID IN LUMA WAITING FOR APPROVAL,HAVE YOU JOINED THE GROUP
2026-09-04 12:19:43,morthadbalashubam41@gmail.com,TEAM NOVA,LLMs & Automations,Beginner,MORTHAD BALASHUBAM, MORTHAD BALASHUBAM ,morthadbalashubam41@gmail.com,8688847641,PILLI HARSHAVARDHAN,AVN Institute of Engineering and Technology,pharshavardhan94@gmail.com,9392066203,M. KIRANPRASAD,255U1A66F6,AVN Institute of Engineering and Technology,kiranprasad10190.rp@gmail.com,8367654054,PILLI PRANITH KUMAR,255U1A66J5,AVN Institute of Engineering and Technology,pillipranithkumar@gmail.com,6303604104,8008087702@ptsbi,https://drive.google.com/open?id=1bPPvZbWBqnCajx965hdLofM4orwSvvuq,T2609041214107035683960,I HAVE SUBMITTED MY TRANSACTION ID IN LUMA WAITING FOR APPROVAL,HAVE YOU JOINED THE GROUP
2026-09-04 12:36:51,kandkoornidhi24@gmail.com,Avengers!! Assemble,LLMs & Automations,Beginner,Kandkoor Nidhi reddy,AVN institute of engineering and technology ,kandkoornidhi24@gmail.com,7013061582,K. Bhavya sri,AVN institute of engineering and technology ,kandukuribhavya6@gmail.com,7675856976,Sri vyshnavi,255U1A7258,AVN institute of engineering and technology ,srivyshnavigoud@gmail.com,9391864716,,,,,,8008087702@ptsbi,https://drive.google.com/open?id=1BWzFZZpnAoLzlXhN13_J4SDBUISpipJ3,T2609041233234240094294,I HAVE SUBMITTED MY TRANSACTION ID IN LUMA WAITING FOR APPROVAL,HAVE YOU JOINED THE GROUP
2026-09-04 12:58:49,careerpath.smartskills@gmail.com,Vihanga,LLMs & Automations,Beginner,Kankati pavani ,AVNIET ,careerpath.smartskills@gmail.com,9347726921,Katge Vidisha ,AVNIET ,vidishakatge@gmail.com,9966595685, kethavath rahul      ,255U1A0587,AVNIET ,kethavathrahulnaik3@gmail.com.      ,9515814039,kethavath ramesh ,255U1A0589,AVNIET ,Kramesh09444@gmail.com,7032273181,8008087702@ptsbi,https://drive.google.com/open?id=1hU7PuwDPG_JyVxX2dcqsUQiyonChAuxP,129009736184,I HAVE SUBMITTED MY TRANSACTION ID IN LUMA WAITING FOR APPROVAL,HAVE YOU JOINED THE GROUP
2026-09-04 14:09:13,ktabithaktabitha@gmail.com,Next Gen innovation ,Open Innovation,Beginner,K.Tabitha ,AVN Istitute of Engineering and Technology ,ktabithaktabitha@gmail.com,6305171568,K.Tapaswi ,AVN institute of engineering and technology , srianjanitapaswi@gmail.com   ,7707879999,K.Sandeep Chary ,255U1A098,AVN institute of engineering and technology ,charysandeep396@gmail.com,9848671083,G.Raghavendar ,255U1A0569,AVN institute of engineering and technology ,  raghuyadav5306@gmail.com   ,9346195306,8008087702@ptsbi,https://drive.google.com/open?id=13DkPejV65CKlXWtt9v0XxOZDt5Iz9AbA,01a06b88-b51f-7e8d-9e6c-b8019c091ddf,I HAVE SUBMITTED MY TRANSACTION ID IN LUMA WAITING FOR APPROVAL,HAVE YOU JOINED THE GROUP
2026-09-04 14:09:41,shivajivallepu7@gmail.com,SRI ASTRA ,Open Innovation,Advance,Vallepu Shivaji,AVNIET ,shivajivallepu7@gmail.com,79i1590540,Marii ruthbik,Keshav memorial engineering College ,marriruthvik57@gmail.com,8919858282,,,,,,,,,,,8008087702@ptsbi,https://drive.google.com/open?id=1p0am4l7FRbX-JlmfsTr1211swjGECABo,T2609041406263187779381,I HAVE SUBMITTED MY TRANSACTION ID IN LUMA WAITING FOR APPROVAL,HAVE YOU JOINED THE GROUP
2026-09-04 19:22:08,konatham93@gmail.com,CodeCrafters,LLMs & Automations,Beginner,Kondareddy Shireesha ,Avn institute of engineering and technology ,shireeshakondreddy2007@gmail.com,9182199617,Konatham chandana ,Avn institute of engineering and technology ,konatham93@gmail.com,6303775348,Nedur Madhumitha ,245U1A05C7,Avn institute of engineering and technology ,madhumitha6156@gmail.com,7330765468, Naidu Pranitha ,245U1A05C5,Avn institute of engineering and technology ,npranitha418@gmail.com ,6302393758,8008087702@ptsbi,https://drive.google.com/open?id=1ESpcqZLsyB0vRzeGDiRNnzSdevQe4V4t,T2609041905560958210109,I HAVE SUBMITTED MY TRANSACTION ID IN LUMA WAITING FOR APPROVAL,HAVE YOU JOINED THE GROUP
2026-09-04 19:39:04,aizenhemanth@gmail.com,Cloud9,LLMs & Automations,Beginner, Hemanth Kumar Narasingoju,AVN Institute Of Engineering And Technology,aizenhemanth@gmail.com,7780159969,Palleboina Shankar ,AVN institute of engineering and technology,shankarp0716@gmail.com,6304934381,Lokesh Kandukuri ,255U1A05A0,AVN institute of engineering and technology,lokeshkandukuri17@gmail.com,6301480232,Rajula Jyothika,255U1A05J9,AVN institute of engineering and technology,jyothikarajula@gmail.com,8096866526,8008087702@ptsbi,https://drive.google.com/open?id=1BJ4jf0dDNI98fg517hGIspkiBdTgRO_z,613463253061,approved,HAVE YOU JOINED THE GROUP
2026-09-04 20:27:34,hariharika913@gmail.com,HASH²,AIML,Beginner,N. Harshitha ,AVN institute of engineering and technology ,nandikondaharshitha@gmail.com,9490991171,P. Harika,AVN institute of engineering and technology ,hariharika913@gmail.com,7207549042,,,,,,,,,,,8008087702@ptsbi,https://drive.google.com/open?id=1Qkk5mQBXlogVq8WCVlqeEWC3skxvJMxL,661325060602,I HAVE SUBMITTED MY TRANSACTION ID IN LUMA WAITING FOR APPROVAL,Yes I have joined the group 
2026-09-05 14:30:06,pittamanasa24@gmail.com,Bytex ,Open Innovation,Beginner,Pitta Manasa,Avniet ,pittamanasa24@gmail.com,9347588652,Shreya,Avniet ,pittamanasa24@gmail.com,7794935352,Thrinesh,255U5A0516,Avniet ,reshavenithrinesh@gmail.com,6303741722,,,,,,8008087702@ptsbi,https://drive.google.com/open?id=1WsaJiTm85eNbsh1kdRmeLN4tDcvCzDKf,T2609051404046851131606,I HAVE SUBMITTED MY TRANSACTION ID IN LUMA WAITING FOR APPROVAL,HAVE YOU JOINED THE GROUP
2026-09-05 20:36:31,cyashwanthsingh@gmail.com,NEXUS-where ideas become innovation,Open Innovation,Beginner,yashwanth singh,AVNIET INSTITUTE OF TECHNOLOGY ,cyashwanthsingh@gmail.com,9392735545,laxman,AVNIET INSTITUTE OF TECHNOLOGY ,linguramsai@gmail.com,7569638017,AVNIET INSTITUTE OF TECHNOLOGY ,255U1A6757,AVNIET INSTITUTE OF TECHNOLOGY ,kurrak328@gmail.com,8919451207,NA,NA,NA,NA,NA,8008087702@ptsbi,https://drive.google.com/open?id=1ChPHmE9z48inemghE6-U0ltOJZsyPh4t,T2609052032074409729260,I HAVE SUBMITTED MY TRANSACTION ID IN LUMA WAITING FOR APPROVAL,HAVE YOU JOINED THE GROUP
2026-09-05 21:32:21,rajuguniganti17@gmail.com,Loop4,LLMs & Automations,Beginner,Kusha deepika,Avn institute of technology ,kushadeepika25@gmail.com,8309455162,Shiva Shankar gt,Avn institute of technology,gtshivashankar2@gmail.com,6300934050,Raju Guniganti,255U1A0578,Avn institute of technology,rajuguniganti17@gmail.com,8978806564,Durgaprasad kemidi ,255U1A05A9,Avn institute of technology,nk2247561@gmail.com,7989260764,8008087702@ptsbi,https://drive.google.com/open?id=18q9d70rrOUYKTqsMqrrM2lEM7QPmzfnq,T2609052130325063901297,I HAVE SUBMITTED MY TRANSACTION ID IN LUMA WAITING FOR APPROVAL,HAVE YOU JOINED THE GROUP
2026-09-06 14:05:13,kishanrathod89198@gmail.com,001,LLMs & Automations,Beginner,Snigdha Reddy,AVNIET,gsnigdhareddy06@gmail.com, 70022 59668,Kishan Rathod ,AVNIET,kishanrathod89198@gmail.com,8919896590,Thrishula Pani ,245U1A05C8,AVNIET,thrishulneela@gmail.com,7075037737,Charan Teja ,245U1A0584,AVNIET,charantejkanukuntla@gmail.com,7032981173,8008087702@ptsbi,https://drive.google.com/open?id=1m10KoUIMl8TYQhYfQNEpxU9AU98cSpe_,T2609061355038720016542,I dont found any option in the luma to submit transaction id ,HAVE YOU JOINED THE GROUP
2026-09-06 18:00:05,manedeeksha4@gmail.com,Codix,Open Innovation,Beginner,N Akshitha,Avniet,manepratiksha2007@gmail.com,7995329319,M.Pratiksha,Avniet,manepratiksha2007@gmail.com,7013832989,P.Manaswini,255U1A05G8,Avniet,manepratiksha2007@gmail.com,8309385348,P.Charishma,255U1A05H3,Avniet,manepratiksha2007@gmail.com,9640288985,8008087702@ptsbi,https://drive.google.com/open?id=1jkeud4giFAWveQDMnq2EB_Uz_oyk_2yy,T2609061756099585088921,I HAVE SUBMITTED MY TRANSACTION ID IN LUMA WAITING FOR APPROVAL,HAVE YOU JOINED THE GROUP
2026-09-06 23:09:29,divyamahankali23@gmail.com,HackHerz,LLMs & Automations,Beginner,Divya Mahankali,AVN INSTITUTE OF ENGINEERING AND TECHNOLOGY ,divyamahankali23@gmail.com,9346376076,Niharika Marthala,AVN INSTITUTE OF ENGINEERING AND TECHNOLOGY ,niharika.marthala1@gmail.com,9652652541,Amulya Pendli,255U1A66J3,AVN INSTITUTE OF ENGINEERING AND TECHNOLOGY ,pendliamulya@gmail.com,8374608188,,,,,,8008087702@ptsbi,https://drive.google.com/open?id=1U0KUsiQfKydJpUkBBTPZ1iE10Bhdks5I,613605303468,I HAVE SUBMITTED MY TRANSACTION ID IN LUMA WAITING FOR APPROVAL,HAVE YOU JOINED THE GROUP
2026-09-07 14:37:21,codewithsoha@gmail.com,THE ZS³,Open Innovation,Advance,Sanvi Sharma ,AVN Institute of engineering and technology ,shmsanvi@gmail.com,9346382867,Soha Fathima Thuraab,AVN Institute of engineering and technology ,codewithsoha@gmail.com,6281354184,Zoya Mahveen,245U1A66J3,AVN Institute of engineering and technology ,zoyamahveen605@gmail.com,8297580822,G. Sangeetha Reddy,255U1A6669,AVN Institute of engineering and technology ,sangeethagangula043@gmail.com,7995323233,8008087702@ptsbi,https://drive.google.com/open?id=1mSGfaLN83_fBAWk6A2PdJdlPyksovS8b,T2609071428479396979973,I HAVE SUBMITTED MY TRANSACTION ID IN LUMA WAITING FOR APPROVAL,HAVE YOU JOINED THE GROUP
2026-09-07 15:23:28,shayanmohammed2401@gmail.com, VIHAN GANG,AIML,Beginner,Bokka vihan reddy,AVNIET,vihanreddybokka20@gmail.com  10:19 am, 89190 65799,Shayan mohammed ,AVNIET ,Shayanmohammed2401@gmail.com,9391600541,Vishal simha,255U1A6620,AVNIET ,vishalsimha99@gmail.com,9281190200,Lakshmi praneet,255U1A6633,AVNIET,prasad121287@gmail.com, 79971 21267,8008087702@ptsbi,https://drive.google.com/open?id=1Lqm-4iS2gtwZZzWTSC03nB98fNIzAnRn,T2609071520554528726536,I HAVE SUBMITTED MY TRANSACTION ID IN LUMA WAITING FOR APPROVAL,HAVE YOU JOINED THE GROUP
2026-09-07 19:01:43,anudeepgeetla@gmail.com,Geetla Anudeep Reddy,LLMs & Automations,Beginner,Geetla Anudeep Reddy,CMR Technical Campus,anudeepgeetla@gmail.com,9347093562,Ravikanti Bharath Kumar,CMR Technical Campus,bharatkumarravikanti@gmail.com,9550931906,Polakonda Karthikeya,247r1a66p9,CMR Technical Campus,karthikeyapolakonda2006@gmail.com,7416630910,Kolli Om Pratham,257r1a66n7,CMR Technical Campus,omprathamk@gmail.com,9182750541,8008087702@ptsbi,https://drive.google.com/open?id=1b_5kHCnMDI2jBe_-JvoYRStFg8FCOr-Y,T2609071855566696212716,Iam not knowing what to do i paid the amount,HAVE YOU JOINED THE GROUP
2026-09-08 13:54:24,parvathreddypatil20060406@gmail.com,Error-404,LLMs & Automations,Beginner,P.Sai Sushanth,AVNIET ,saisushanth510@gmail.com ,9100816843,Parvath Reddy Patil,AVNIET ,parvathreddypatil20060406@gmail.com,9347778497,Suraj Daggu,245U1A05H4,AVNIET,surajdaggu40@gmail.com ,9160851979,R.Kiran teja,245U1A05F7,AVNIET,kirantejar23@gmail.com ,9966788754,8008087702@ptsbi,https://drive.google.com/open?id=1qmlZTChbd45qKrwfnaDvTNY38UA__BjN,9347778497,I HAVE SUBMITTED MY TRANSACTION ID IN LUMA WAITING FOR APPROVAL,HAVE YOU JOINED THE GROUP
2026-09-08 17:00:07,pranaybokka96@gmail.com,Neuro Forge ,Open Innovation,Beginner,Pranay Reddy ,AVN Institute of Engineering and Technology ,pranayreddy9339@gmail.com,9154779117,Abdur Rahman Umair ,AVN Institute of Engineering and Technology ,abdurrahmanumair4@gmail.com,8317636847,Tejaswini ,255U1A0537,AVN Institute of Engineering and Technology ,tejashwinichepuri@gmail.com,95159 65168,Pavani,255U1A0532,AVN Institute of Engineering and Technology ,chakalipavani1000@gmail.com,9989976660,8008087702@ptsbi,https://drive.google.com/open?id=1-NrSPSWJlZQY_awp-SWwJFv5WQg6pTYF,625145276079,I HAVE SUBMITTED MY TRANSACTION ID IN LUMA WAITING FOR APPROVAL,HAVE YOU JOINED THE GROUP
2026-09-08 18:42:48,shelikesdaal@gmail.com,OOPsies,Open Innovation,Advance,Bomma Shiva Mani,AVN Institute of Engineering and Techonology,shelikesdaal@gmail.com,6281988914,Bashamoni Sri Charan,AVN Institute of Engineering and Techonology,sricharanmudhiraj07@gmail.com,9391575315,Akula Akshaya,255U1A0503,AVN Institute of Engineering and Techonology,Akulaakshaya865@gmail.com,7981478791,Boddu Niveditha,255U1A0525,AVN Institute of Engineering and Techonology,nivedithaboddu15@gmail.com,9182971790,8008087702@ptsbi,https://drive.google.com/open?id=1ObdtDGRqpof7dQgPH5YovLqRaDkgFmNj,T2609081837280996304445,I HAVE SUBMITTED MY TRANSACTION ID IN LUMA WAITING FOR APPROVAL,HAVE YOU JOINED THE GROUP
2026-09-08 18:47:14,ztoa777111@gmail.com,Code Blooded,LLMs & Automations,Advance,Abhinav Prabhakar,JNTUH,ztoa777111@gmail.com,7799123522,Abhishek Thodupunoori,SNIST,abhishekthodupunoori3@gmail.com,8247547636,Sudheer Jillellamudi,-,Integrtr,sudheerjillellamudi123@gmail.com,9398519360,Suchith Koduru,-,10xscale.ai Technologies Pvt. Ltd.,suchithkoduru@gmail.com,8465073250,8008087702@ptsbi,https://drive.google.com/open?id=1hspmm0h-LpOVb-cTZhkRNrWqdhbel8jh,T2609081844257179464552,I HAVE SUBMITTED MY TRANSACTION ID IN LUMA WAITING FOR APPROVAL,HAVE YOU JOINED THE GROUP
2026-09-08 20:22:40,hemsurya942@gmail.com,Ogcoders,Open Innovation,Beginner,A.Hemsurya,Avniet,hemsurya942@gmail.com,9281012187,Gangireddy.sreehitha,Avniet,gangireddysreehitha2007@gmail.com,9059916655,Lakshmi bhargavi,255U1A0538,Avniet,lakshmicheruku017@gmail.com,8121050195,Kukunuru abhinav,255U1A05C6,Avniet,abhinavreddy7702@gmail.com,7702113852,8008087702@ptsbi,https://drive.google.com/open?id=1dKFZCmP3P9dsMXOVWANqxtBluF2oksn8,314239431373,I HAVE SUBMITTED MY TRANSACTION ID IN LUMA WAITING FOR APPROVAL,HAVE YOU JOINED THE GROUP
2026-09-08 21:29:24,asrarsyed019@gmail.com,Nova Sparks,Open Innovation,Beginner,Thanmai,AVN INSTITUTE OF ENGINEERING AND TECHNOLOGY ,thanmaisingu36180@gmail.com,6302939635,N.Gayathri,AVNIET ,ngayathri8074@gmail.com,8074525830,T.Srilaxmi ,255U1A05M9,AVNIET ,srilaxmi93998639567@gmail.com,9398639567,Y.Tejasri,255U1A05Q8,AVNIET ,yanalatejasri@gmail.com,9063556119,8008087702@ptsbi,https://drive.google.com/open?id=1JEurOZmSOrMi_vI7oqUEAWlDUjqmO2Mp,314246285828,I HAVE SUBMITTED MY TRANSACTION ID IN LUMA WAITING FOR APPROVAL,HAVE YOU JOINED THE GROUP
2026-09-09 10:26:22,kirananthagiri32@gmail.com,TeamTech,Open Innovation,Beginner,Anthagiri Kiran,AVNIET,kirananthagiri32@gmail.com,7075778814,G. Meenakshi,AVNIET,meenakshi4135@gmail.com,8247215832,A. Pooja,235U1A0408,AVNIET,poojayadav55pooja@gmail.com,9059549231,,,,,,8008087702@ptsbi,https://drive.google.com/open?id=1FlFdD_vw153cOYbJn3C3AM4PLIrwG-Bu,T2609091014355603814906,I HAVE SUBMITTED MY TRANSACTION ID IN LUMA WAITING FOR APPROVAL,HAVE YOU JOINED THE GROUP
2026-09-09 10:41:16,venkateshjanagam081@gmail.com,nunejayanthiavn@gmail.com,Open Innovation,Beginner,Nune jayanthi,AVNIET,nunejayanthiavn@gmail.com,9346389665,Bangari shireesha,AVNIET,sirishabangari34@gmail.com,8639140722,,,,,,,,,,,8008087702@ptsbi,https://drive.google.com/open?id=1THxbIH9NPGpPqMdi322D5XJFiQ8bLhyI,T2609091036086668046098,I HAVE SUBMITTED MY TRANSACTION ID IN LUMA WAITING FOR APPROVAL,HAVE YOU JOINED THE GROUP
2026-09-10 18:20:02,bharathsanthoshkumar31@gmail.com,New Coderzzz,AIML,Beginner,bharath s,Easwari engineering college,bharathsanthoshkumar31@gmail.com,7904422842,Naazil ahamed E ,Easwari engineering college ,naazilahamed2@gmail.com,+91 88389 08663,Praveen Kumar G,310624106153,Easwari engineering college ,praweeee.n06@gmail.com,8838412191,Divya dharshan S,310624150014,Easwari engineering college ,divyadharshan402@gmail.com,+91 79044 08547,8008087702@ptsbi,https://drive.google.com/open?id=1wdy7ujZHdbREbvXMze3e2Rk6y5-mqxU-,129354582995,I HAVE SUBMITTED MY TRANSACTION ID IN LUMA WAITING FOR APPROVAL,HAVE YOU JOINED THE GROUP
2026-09-10 20:49:58,kandunoorivineelkumar@gmail.com,TechRisers,Open Innovation,Beginner,K.Vineel kumar ,AVN institute of engineering and technology ,kandunoorivineelkumar@gmail.com,6300726506,M.Nikhil ,AVN institute of engineering and technology ,maktumkarinikhil@gmail.com,6300726506,Muddam Gagana sri ,265U5A0509,AVN institute of engineering and technology ,Muddamgaganasri@gmail.com,7995912925,Kema Harika,265U5A0506,AVN institute of engineering and technology ,kemaharika37@gmail.com,6303984780,8008087702@ptsbi,https://drive.google.com/open?id=1ZiIzVMMWXn4HHL_k-Db50cvpYPQsELGq,004872357602,I HAVE SUBMITTED MY TRANSACTION ID IN LUMA WAITING FOR APPROVAL,HAVE YOU JOINED THE GROUP
2026-09-13 18:42:03,tsanjankumar@gmail.com,Apex coderS,AIML,Advance,Sai Anjan Kumar T,Malla Reddy College of Engineering and Technology ,tsanjankumar@gmail.com,9573334271,Shaik Suhana ,Malla Reddy College of Engineering and Technology ,shaiksuhanna2005@gmail.com,7075046334,,,,,,,,,,,8008087702@ptsbi,https://drive.google.com/open?id=16FaiACkmkXytM3dhSZFBa92CxQHuIoyf,625697345817,I HAVE SUBMITTED MY TRANSACTION ID IN LUMA WAITING FOR APPROVAL,HAVE YOU JOINED THE GROUP
2026-09-13 22:03:56,pavanpenugurthi88@gmail.com,NEURAFORGE,LLMs & Automations,Beginner,Pavan Penugurthi,Sasi Institute of Technology and Engineering ,pavanpenugurthi88@gmail.com,8639333787,Revanth Tarun Challapalli,Sasi Institute of Technology and Engineering ,tarun.challapalli@sasi.ac.in,7013483632,JAHNAVI SAI SARANYA REDDY,23K61A42A3,Sasi Institute of Technology and Engineering ,saranya.reddy@sasi.ac.in,8143876026,Jakkamsetti Omkar Kumar,,Sasi Institute of Technology and Engineering ,omkarkumar686@gmail.com,9121313398,8008087702@ptsbi,https://drive.google.com/open?id=1fLcp43lEKW8egD_XJbIA3W4riqLtB_n5,314635473314,I HAVE SUBMITTED MY TRANSACTION ID IN LUMA WAITING FOR APPROVAL,HAVE YOU JOINED THE GROUP
2026-09-15 09:50:55,lakshana.s2024aids@sece.ac.in,Infinity Crew ,AIML,Beginner,Kishor S,Sri Eshwar College of Engineering,kishor.s2024aids@sece.ac.in,8778583836,Lakshana S,Sri Eshwar College of Engineering,lakshana.s2024aids@sece.ac.in,6379243314,Midhuna R,24AD123,Sri Eshwar College of Engineering,midhuna.r2024aids@sece.ac.in,8524862209,Lalitha SV,24AD111,Sri Eshwar College of Engineering,lalitha.sv2024aids@sece.ac.in,9789275436,8008087702@ptsbi,https://drive.google.com/open?id=1MGWZJiPin5ookq2PoXZqrZFfb4Sl5dyr,T2609150906180536520166,I HAVE SUBMITTED MY TRANSACTION ID IN LUMA WAITING FOR APPROVAL,HAVE YOU JOINED THE GROUP
2026-09-15 16:20:59,sanjananomula04@gmail.com,Code Code,Open Innovation,Beginner,Laxmi Sanjana Nomula ,SRM University AP ,sanjananomula04@gmail.com,9392971526,Rohitha Barukula,SRM University AP ,rohitha44455@gmail.com,8270811111,,,,,,,,,,,8008087702@ptsbi,https://drive.google.com/open?id=1UrF7fQjTRyhnYyfH--psd_nflnpaZxkr,T2609151614302719096756,I HAVE SUBMITTED MY TRANSACTION ID IN LUMA WAITING FOR APPROVAL,HAVE YOU JOINED THE GROUP
2026-09-15 22:43:25,yakshith411@gmail.com,Code pirates ,LLMs & Automations,Advance,Yakshith Bodike,Kakatiya Olympiad School,yakshith411@gmail.com,9346561265,Jillaa ManiKanta ,Yamuna campus,manikantajillaa2@gmail.com,8885026216,,,,,,,,,,,8008087702@ptsbi,https://drive.google.com/open?id=10JGT_JXGZhiocmLTwTScY5z7jsc0ag7Z,T2609152234438053878030,I HAVE SUBMITTED MY TRANSACTION ID IN LUMA WAITING FOR APPROVAL,HAVE YOU JOINED THE GROUP
2026-09-15 22:57:18,mohammadalthaf0705@gmail.com,PROMPT FORGE,LLMs & Automations,Beginner,Yalagala.Adhi laxmi,AVN INSTITUTE OF ENGINEERING AND TECHNOLOGY ,aadhilaxmiyalagala@gmail.com,+91 63036 96043,P.Varsha shri,AVN INSTITUTE OF ENGINEERING AND TECHNOLOGY ,pvarshasri9@gmail.com,+91 98497 94268,Mohammad.Althaf,245U1A6778,AVN INSTITUTE OF ENGINEERING AND TECHNOLOGY ,mohammadalthaf0705@gmail.com,9121138850,,,,,,8008087702@ptsbi,https://drive.google.com/open?id=1Rp8saGWXzYlRQk0JifUYjIZC_pjey3Jn,T2609152254086677785511,I have send the request to join . waiting for the approval ,HAVE YOU JOINED THE GROUP
2026-09-16 11:59:02,piyushambhore69@gmail.com,Team Ignite ,Open Innovation,Beginner,Jatin Sanjay Jadhav ,Sanjeevan College of Engineering and Technology ,jatinjadhav154@gmail.com,9766395460,Pruthvi Kumar Mohite ,Sanjeevan College of Engineering and Technology ,dayamohiti654@gmail.com,+91 90676 21861,Yashraj Sundar Khose ,,Sanjeevan College of Engineering And Technology ,yashrajkhose373@gmail.com,7666531398,,,,,,8008087702@ptsbi,https://drive.google.com/open?id=17cXRfc3weJBG4iXq-PWB9ng-5e4oZ-yT,662516465512,I HAVE SUBMITTED MY TRANSACTION ID IN LUMA WAITING FOR APPROVAL,HAVE YOU JOINED THE GROUP
2026-09-16 21:07:51,rakshithae41@gmail.com,Team Omega,AIML,Beginner,Rakshitha E,"Sapthagiri college of engineering,Bengaluru",rakshithae41@gmail.com,8123236592,Rachana H Raj,"Sapthagiri college of engineering,Bengaluru",rachanahraj@gmail.com,9844565483,R Chinmai Gowda,24SUUBECS1616,"Sapthagiri college of engineering, Bengaluru",chinmaigowdar2005@gmail.com,8660538914,Punith Gowda B K,24SUUBECS1606,"Sapthagiri college of engineering, Bengaluru",punithbk16@gmail.com,8217321105,8008087702@ptsbi,https://drive.google.com/open?id=1CiFaC7g5wbMT2hHrT-0x26tCHgJKMoxZ,625950217970,I HAVE SUBMITTED MY TRANSACTION ID IN LUMA WAITING FOR APPROVAL,"yes,joined"
2026-09-18 12:04:40,rajesh230804@gmail.com,Team Saathi,Open Innovation,Advance,H.Rajesh Kumar,CMR COLLEGE OF ENGINEERING AND TECHNOLOGY,rajesh230804@gmail.com,9100374764,Y.Kavya Sri,CMR COLLEGE OF ENGINEERING AND TECHNOLOGY,kavyasriyadlapati@gmail.com,7207324249,B.Nandu,23H51A67D3,CMR COLLEGE OF ENGINEERING AND TECHNOLOGY,bhukyanandu661@gmail.com,7842244681,,,,,,8008087702@ptsbi,https://drive.google.com/open?id=1aA6OQFSlnhPZkadS1WGaozNrdzajGBSu,T2609181202309629491717,I HAVE SUBMITTED MY TRANSACTION ID IN LUMA WAITING FOR APPROVAL,HAVE YOU JOINED THE GROUP
2026-09-18 21:39:09,karthikeyapunnam0918@gmail.com,VisionX,Open Innovation,Beginner,PUNNAM LAKSHMI BHAVANI KARTHIKEYA,SWARNANDHRA COLLEGE OF ENGINEERING & TECHNOLOGY,karthikeyapunnam0918@gmail.com,8639643234,PONNAPALLI SHANMUKHA SITARAMAIAH,SWARNANDHRA COLLEGE OF ENGINEERING & TECHNOLOGY,shanmukhponnapalli@gmail.com,7993119101, MOHAMMAD ABDUL ALIJAN ,24A21A5441,SWARNANDHRA COLLEGE OF ENGINEERING & TECHNOLOGY,abdulalijan017@gmail.com,9494249371,CHILAKANTI DURGA RAM SIDDESH, 26A25A0518,SWARNANDHRA COLLEGE OF ENGINEERING & TECHNOLOGY,Siddeshch94@gmail.com,9032537620,8008087702@ptsbi,https://drive.google.com/open?id=1-O_YoPTOP_t4QWIfyR9rN55XPaUAVBWK,T2609182128092640598754,I HAVE SUBMITTED MY TRANSACTION ID IN LUMA WAITING FOR APPROVAL,HAVE YOU JOINED THE GROUP
2026-09-19 21:33:26,vuppulurilalith@gmail.com,Prism,AIML,Beginner,Vuppuluri Venkata Lalith Kartheek,Ace Engineering College,vuppulurilalith@gmail.com,9703809145,Dudekula Hazra Bee,Ace Engineering College,dudekulahazrabee@gmail.com,7396615310,Rimsha,24AG1A1252,Ace Engineering College,rimsha1760548@gmail.com,7013708760,Konyala Dinesh Chary,25AG5A1203,Ace Engineering College,dineshkonyala09@gmail.com,7780222595,8008087702@ptsbi,https://drive.google.com/open?id=1yc6TIB7TE6CVoKWlBIWtPtO2euNrGIE-,T2609192126449824630415,I HAVE SUBMITTED MY TRANSACTION ID IN LUMA WAITING FOR APPROVAL,HAVE YOU JOINED THE GROUP
2026-09-20 11:59:36,dhanushmanku@gmail.com,DELULU ,Open Innovation,Advance,Pulloju Santhosh,CMR Engineering College,pullojusanthosh0@gmail.com,8074970961,Gadaguti Lokesh,Sree Dattha Institute of Engineering and Science,gadagutilokesh@gmail.com,8074 781 684,Dhanush ,25r15a0534,Geethanjali College of Engineering and Technology,,,,,,,,8008087702@ptsbi,https://drive.google.com/open?id=1GZPfFVupMJu5CNxaSetqnlO-70nhmvfz,315107560437,I HAVE SUBMITTED MY TRANSACTION ID IN LUMA WAITING FOR APPROVAL,HAVE YOU JOINED THE GROUP
2026-09-20 12:18:20,anvishreenerlekar@gmail.com,VIRANARI,Open Innovation,Beginner,Anvishree Nerlekar ,AVN INSTITUTE OF ENGINEERING AND TECHNOLOGY ,anvishreenerlekar@gmail.com,9440274731,Divya Deepika Thodati ,AVN INSTITUTE OF ENGINEERING AND TECHNOLOGY ,divyadeepikathodati@gmail.com,94416 99699,Pavitra Roshna Reddy ,255U1A6733,AVN INSTITUTE OF ENGINEERING AND TECHNOLOGY ,pavitraroshna@gmail.com,93906 61717,Chintalcheruvu Sri Harsha,255U1A6726,AVN INSTITUTE OF ENGINEERING AND TECHNOLOGY ,Elementakaharsha@gmail.com,8309280857,8008087702@ptsbi,https://drive.google.com/open?id=1EyBXNg3uR5ikgYZCTVg2wOQqF7kxYcbD,9440274731,I HAVE SUBMITTED MY TRANSACTION ID IN LUMA WAITING FOR APPROVAL,HAVE YOU JOINED THE GROUP
2026-09-20 20:13:33,pallamonikapriya@gmail.com,QuickSortX ,LLMs & Automations,Beginner,PALLA MONIKA PRIYA ,CMR INSTITUTE OF TECHNOLOGY ,pallamonikapriya@gmail.com,8328188304,Muppireddy Nayanesh Reddy ,CMR INSTITUTE OF TECHNOLOGY,nayaneshreddy89@gmail.com,+91 99855 50679,Kuncha Harshitha ,25R01a6633,CMR INSTITUTE OF TECHNOLOGY,kunchaharshithagoud@gmail.com,8712879954,Shreekrithi bashaboina,25r01a6606,CMR INSTITUTE OF Technology ,shreekrithibashaboina@gmail.com,8247476074,8008087702@ptsbi,https://drive.google.com/open?id=1W0gxzt1S2xAy_R0roSpbckticOBT_s-7,110723820024,I HAVE SUBMITTED MY TRANSACTION ID IN LUMA WAITING FOR APPROVAL,HAVE YOU JOINED THE GROUP
2026-09-20 21:38:13,amithbhambhu7@gmail.com,Jai Dev ,AIML,Beginner,Amith Bhambhu ,Ace engineering college ,amithbhambhu7@gmail.com,7396084350,M Akhil,Ace engineering college ,4akhilch@gmail.com,9676722773,Harshith Varma Penmetsa,24AG1A05B2,Ace engineering college ,harshithvarmap99@gmail.com,9398452404,,,,,,8008087702@ptsbi,https://drive.google.com/open?id=1qjqUkDbokLBhLZ1-5bI8ZzXfSHJ_C_sL,619762466754,I HAVE SUBMITTED MY TRANSACTION ID IN LUMA WAITING FOR APPROVAL,Yes
2026-09-20 22:10:05,laknanitish2110@gmail.com,Pegasus,LLMs & Automations,Advance,lakna nitish,Sri chaitanya technical campus,laknanitish2110@gmail.com,9381184194,Erri Pradeep,Sri chaitanya technical campus,erripradeep09@gmail.com,8317662312,Bhushanaveni Navadeep,248A1A06711,Sri chaitanya technical campus,navadeep2707@gmail.com,9959976984,,,,,,8008087702@ptsbi,https://drive.google.com/open?id=1r6etQtApKGO7JPrRZSG7ThsyXfKqlFl7,614484674467,I HAVE SUBMITTED MY TRANSACTION ID IN LUMA WAITING FOR APPROVAL,HAVE YOU JOINED THE GROUP
2026-09-20 22:23:09,rajeshlakna@gmail.com,Maruthi,Open Innovation,Beginner,sudheer kenche,Sri chaitanya techincal campus,sudheerkenche2108@gmail.com,8500522166,laxmi narsimha,Sri chaitanya techincal campus,laxminarasimhat3@gmail.com,+91 85220 94113,Shankar Kalyanam,,Sri chaitanya techincal campus,shankarkalyanam06@gmail.com,7815898875,,,,,,8008087702@ptsbi,https://drive.google.com/open?id=18W5DgD-wdGyNnZRRtrwNmp_PreqJuJFV,315160281020,I HAVE SUBMITTED MY TRANSACTION ID IN LUMA WAITING FOR APPROVAL,HAVE YOU JOINED THE GROUP
2026-09-20 22:55:53,vadithyapavan69@gmail.com,KGF,Open Innovation,Beginner,V.Pavan naik,AVNIET ,vadithyapavan69@gmail.com,7660914280,K.Shiva shankar ,Sri indu college of engineering & technology ,k shivashankar118@gmail.com,9346991131,,,,,,,,,,,8008087702@ptsbi,https://drive.google.com/open?id=1zyWWlFWfqLIXRBdcYC7lomdayhWJ30PD,T2609202231301858321478,I HAVE SUBMITTED MY TRANSACTION ID IN LUMA WAITING FOR APPROVAL,HAVE YOU JOINED THE GROUP
2026-09-20 23:40:09,miriyalayashwantraj@gmail.com,TEAM FOURCAST,Open Innovation,Beginner,Krish Sureja,KLH-B,Krishsureja2007@gmail.com,6300237520,M. Yashwant raj ,KLH-B,miriyalayashwantraj@gmail.com,8978447538,Peddiraju Anuradha Nandini,2520030171,KLH-B,anuradhanandini15@gmail.com,8328391005,Chakrika Panakala,2520090042,KLH-B,panakalachakrika@gmail.com,8790345669,8008087702@ptsbi,https://drive.google.com/open?id=1LWVfPGgnBe5h3ZPRE-fLk88-k6juHQ74,T2609202331507795823562,Google form,HAVE YOU JOINED THE GROUP
2026-09-21 12:43:00,kurmadasuvaishnavi@gmail.com,NeuroShield,AIML,Beginner,Surya Sashank Devarabhotla,Aditya University ,suryasashankdevarabhotla@gmail.com ,9701831199,NAVYA CHARITHA KAKI,Aditya university,navya2008cherry@gmail.com  ,6305111351,Kurmadasu Vaishnavi,25B11AI621,AdityaUniversity,kurmadasuvaishnavi@gmail.com,9010535366,Veeramachaneni Niharika,25B11AIC60,AdityaUniversity,niharikav989@gmail.com,7993242917,8008087702@ptsbi,https://drive.google.com/open?id=10eNM5-w3tv4qvdUDETUnIMpz_1oKBKnO,T2609211235167049594451,I HAVE SUBMITTED MY TRANSACTION ID IN LUMA WAITING FOR APPROVAL,yes i have joined the watsapp group
2026-09-21 16:48:59,akarapuswapanth98@gmail.com,SWAPANTH& MANOJ ,AIML,Beginner,AKARAPU SWAPANTH KUMAR,Brilliant institute of engineering and technology ,akarapuswapanth98@gmail.com,8332091729,AKARAPU SWAPANTH KUMAR ,Brilliant institute of engineering and technology ,akarapuswapanth98@gmail.com,8332091729,CHODAGIRI MANOJ ,,Brilliant institute of engineering and technology ,chodagirimanoj07@icloud.com,7093110981,,,,,,8008087702@ptsbi,https://drive.google.com/open?id=1Wo1dfuWNvOcvVZNIKTRDSQe-ojca7SGc,626464243889,I HAVE SUBMITTED MY TRANSACTION ID IN LUMA WAITING FOR APPROVAL,HAVE YOU JOINED THE GROUP
2026-09-21 18:14:21,saniyathasneem18@gmail.com,Code ninjas,Open Innovation,Beginner,Gayam Jashwanth Reddy,MVSR ENGINEERING COLLEGE ,gayamjashwanthreddy@gmail.com,8790102682,Sania Thasneem,MVSR ENGINEERING COLLEGE ,saniathasneem05@gmail.com,7569308297,K pallavi ,245126733219,MVSR ENGINEERING COLLEGE ,kyathurupallavi@gmail.com,6302410543,,,,,,8008087702@ptsbi,https://drive.google.com/open?id=1SPv9j1P_PJZQUWmRcuaqyHjXhvdloSO_,181045455961,I HAVE SUBMITTED MY TRANSACTION ID IN LUMA WAITING FOR APPROVAL,HAVE YOU JOINED THE GROUP
2026-09-21 18:30:30,jagirisriram016@gmail.com,Quantum Minds,LLMs & Automations,Beginner,Merugu Revathi,Jyothishmathi institute of technology and science ,revathimerugu30@gmail.com,81793 37128,Dasari Ankitha,Jyothishmathi institute of technology and science ,dasariankitha0@gmail.com ,7032233870,Jagiri sriram,24275A0403,Jyothishmathi institute of technology and science ,jagirisriram016@gmail.com,8309244871,,,,,,8008087702@ptsbi,https://drive.google.com/open?id=1nZbcq1HjFbo_bihQ1XU1SZ52kPq3LNSf,663072021456,I HAVE SUBMITTED MY TRANSACTION ID IN LUMA WAITING FOR APPROVAL,HAVE YOU JOINED THE GROUP
2026-09-21 19:53:51,thrishalyeggoni@gmail.com,Prompt Pulse,Open Innovation,Beginner,Thrishal yeggoni,Vnrvjiet ,thrishalyeggoni@gmail.com,9014256479,Yeggoni sai Pranavi ,Kg reddy,saipranavi1405@gmail.com,8688966303,Sunkari sai ruthik,,Kg reddy,sairuthik31@gmail.com,8639533425,,,,,,8008087702@ptsbi,https://drive.google.com/open?id=14dgDU8xDZ1GLQ3XrHdkRr8ukjx5oWnfI,T2609211947156639857251,I HAVE SUBMITTED MY TRANSACTION ID IN LUMA WAITING FOR APPROVAL,HAVE YOU JOINED THE GROUP
2026-09-22 11:24:51,vishnuteja1546@gmail.com,Naira,AIML,Beginner,Palagiri Vishnu Teja,Mohan Babu University,vishnuteja1546@gmail.com,9032301546,Eftekharul Mullick,Mohan Babu University,mullickahan@gmail.com,9014018689,Ganjikuntla Deepika,23102a040634,Mohan Babu University,Deepuganjikuntla@gmail.com,9666932626,Upputuri Bindu Abhi Sathvika,23102a040633,Mohan Babu University,upputuribindu05@gmail.com,9603182489,8008087702@ptsbi,https://drive.google.com/open?id=14T-Ex--dhsM75kCDuolOC-4hxaJRaq7h,626573839810,I HAVE SUBMITTED MY TRANSACTION ID IN LUMA WAITING FOR APPROVAL,HAVE YOU JOINED THE GROUP
2026-09-22 13:11:38,kannetid@gmail.com,FarmX,AIML,Beginner,Kanneti Dinesh,CMR college of engineering and technology ,kannetid@gmail.com,7730009559,K. Dinesh,CMRCET ,kannetid@gmail.com,7730009559,K. N. V. Vasuja,25h51a6627,CMRCET ,Vasuja2007@gmail.com,6302296206,,,,,,8008087702@ptsbi,https://drive.google.com/open?id=1HlVDsK7ivQytDquTx5B1ngYuGD_gFfH3,626529499250,I HAVE SUBMITTED MY TRANSACTION ID IN LUMA WAITING FOR APPROVAL,HAVE YOU JOINED THE GROUP
2026-09-22 16:00:18,gurramsrivally@gmail.com,VRS² ByteBrew,LLMs & Automations,Beginner,Gurram Srivally,AVN Institute of Engineering & Technology ,gurramsrivally@gmail.com,9985922645,Kaduru Varshini,AVN Institute of Engineering & Technology ,varshinikaduru2007@gmail.com,9949088100,Jampula Sindhuja,245U1A0570,AVN Institute of Engineering & Technology ,jampulasindhu8@gmail.com,8125389147,Kuvvarapu Rishika Roshini,245U1A05A0,AVN Institute of Engineering and Technology ,rishikakuvvarapu90@gmail.com,8074997841,8008087702@ptsbi,https://drive.google.com/open?id=1qTXkCXBNHpx6h5TMtmkJ7q8Ia7MBblQ_,T2609221553577001349401,I HAVE SUBMITTED MY TRANSACTION ID IN LUMA WAITING FOR APPROVAL,HAVE YOU JOINED THE GROUP
2026-09-22 21:25:35,pavanis176@gmail.com,The matrix ,Open Innovation,Beginner,Kumar Raja ,Swarnandhra college of engineering and technology ,kumarrajaravula@gmail.com,7396646145,Puppala pavani sudha ,Swarnandhra college of engineering and technology ,pavanis176@gmail.com,8978130885,Thulasi  ,24A21A05JM,Swarnandhra college of engineering and technology ,vasamsettitulasi8@gmail.com,8790294056,Reddy Mounika ,24A21A05EC,Swarnandhra college of engineering and technology ,reddy.mounika2557@gmail.com ,96187 75443,8008087702@ptsbi,https://drive.google.com/open?id=116TKczmSbLX2wIfbqT8psHp_0vLG4FEh,T2609222119003717621604,I HAVE SUBMITTED MY TRANSACTION ID IN LUMA WAITING FOR APPROVAL,HAVE YOU JOINED THE GROUP
2026-09-23 12:59:35,kashifpatel12345@gmail.com,Ninja Logic,AIML,Advance,Kashif Kalimoddin Patel,Gramin Technical and Management Campus,kashifpatel12345@gmail.com,9595715010,Arsheen Fatema Ismail Sayyed,Gramin Technical and Management Campus ,sayyedarsheen2007@gmail.com,77097 74956,Shaikh Salik SK Sajeed,2502508111911058,Gramin Technical and Management Campus ,salik00125@gmail.com,91689 11689,Rekha Tryambak Swami,24025081245046,Gramin Technical and Management Campus,Swamirekha383@gmail.com,76203 54416,8008087702@ptsbi,https://drive.google.com/open?id=1CkwUciz4EDxoWt0Dk8aZbLrMhgczGc6a,62660988577,I HAVE SUBMITTED MY TRANSACTION ID IN LUMA WAITING FOR APPROVAL,HAVE YOU JOINED THE GROUP
2026-09-23 13:23:12,mohammedaahil009@gmail.com,Team Synapian,AIML,Advance,Sayyad Sameer Hussain,Gramin technical and management campus nanded ,sayyadsameer.h@gmail.com,8855995629,Sadik Salam Gonarkar ,Gramin technical and management campus nanded ,codersaddu@gmail.com,8830839827,Vaidya priya shripati,24025081245170,Gramin technical and management campus nanded,priyavaidya2945@gmail.com,9373980709,Prashik Kiran Bhusawale,23550930971,Gramin technical and management campus nanded ,prashikbhusawale86@gmail.com,9022095897,8008087702@ptsbi,https://drive.google.com/open?id=12AUQrg-fpFqJv_aRPKlgEJZrLjhN5uF0,626601273047,I HAVE SUBMITTED MY TRANSACTION ID IN LUMA WAITING FOR APPROVAL,HAVE YOU JOINED THE GROUP
2026-09-23 14:42:37,guntakasnigdha@gmail.com,Royal,Open Innovation,Beginner,Rehan bin esa,AVN Institute of engineering and technology ,rehanesabawazeerq@gmail.com,9963906249,Shahid Afrath,AVN institute of engineering and technology ,mdshahidafrath@gmail.com,7702686427,Mohd Nawaz ,245U1A05B9,Avn institute of engineering and technology ,mohammednawaz55225@gmail.com,9177130173,,,,,,8008087702@ptsbi,https://drive.google.com/open?id=1MPJAlKf4KEXc7mc7vEaw0x9E2OQ2kI6a,626681965394,I HAVE SUBMITTED MY TRANSACTION ID IN LUMA WAITING FOR APPROVAL,HAVE YOU JOINED THE GROUP
2026-09-23 15:10:52,lakshmipranathi821@gmail.com,Mind Spark ,AIML,Beginner,Siddireddy lakshmi Pranathi ,Swarnandhra college of engineering and technology ,lakshmipranathi821@gmail.com,7036719155,Pratti Pravalika ,Swarnandhra college of engineering and technology ,Satyapratti25@gmail.com,8179253483,R Siddhartha,24A21A1291,Swarnandhra college of engineering and technology ,Ravurisiddhartha83@ gmail.com ,7569793049,,,,,,8008087702@ptsbi,https://drive.google.com/open?id=1SuvkRSEbTEjM-0xiKxQ0wyzwJIah4Z-L,T2609231500438032317606,I HAVE SUBMITTED MY TRANSACTION ID IN LUMA WAITING FOR APPROVAL,HAVE YOU JOINED THE GROUP
2026-09-23 21:49:10,tulasishiva7781@gmail.com,Seragadam gowtham ,AIML,Beginner,Seragadam gowtham ,Gvpt,tulasishiva7781@gmail.com,9912325299,Kadi naga ramya ,Gvpt ,Kadinagaramya55@gmail.com,7702298351,K namrutha ,,SWEC,Namruthak79@gmail.com,6303059634,,,,,,7671900357@ptyes,https://drive.google.com/open?id=1FNikhns9ed7yMNWJyAnChbwk9rkDmy0F,005256029419,I HAVE SUBMITTED MY TRANSACTION ID IN LUMA WAITING FOR APPROVAL,HAVE YOU JOINED THE GROUP
2026-09-23 21:49:11,eshan.academics@gmail.com,Codesmiths,LLMs & Automations,Beginner,Eshan Mohammed Shaik,Neil Gogte Institute of Technology,eshan.academics@gmail.com,9866551495,Siddharth Bokka,Neil Gogte Institute of Technology,siddharthbokka.2408@gmail.com,9246924618,Manaswini Madiraju,,Neil Gogte Institute of Technology,madirajumanaswini8686@gmail.com,6303379020,,,,,,7671900357@ptyes,https://drive.google.com/open?id=1Xq12nhyRvxF0qMcGbz4JJgv2-OmGma2E,T2609232140052418904719,I HAVE SUBMITTED MY TRANSACTION ID IN LUMA WAITING FOR APPROVAL,HAVE YOU JOINED THE GROUP
2026-09-23 21:49:18,edulakantihnska@gmail.com,HACK SMITHS,LLMs & Automations,Beginner,Hansika Ramaram,Neil Gogte Institute of Technology,edulakantihnska@gmail.com,8919207848,Aishwarya Likki,Neil Gogte Institute of Technology,aishwaryalikki@gmail.com,8125351569,Sai Pranav Prakhya,,Neil Gogte Institute of Technology,Saipranavprakya1@gmail.com,8121468444,,,,,,7671900357@ptyes,https://drive.google.com/open?id=1rQjRdal9ZFeIRtfgbbjTnYs4j76H3hmr,663277823083,I HAVE SUBMITTED MY TRANSACTION ID IN LUMA WAITING FOR APPROVAL,HAVE YOU JOINED THE GROUP
2026-09-24 11:10:35,iamabhisheik@gmail.com,Cospark,AIML,Beginner,Abhishiek samuel,Nri university ,iamabhisheik@gmail.com,8639138202,Drv aryan,Nri university ,aryandevperfect@gmail.com,+91 83747 43376,Anthony,25KN1A44G2,Nri university ,boompro524@gmail.com,+91 95737 92298,,,,,,8008087702@ptsbi,https://drive.google.com/open?id=1FUSG972G4ReLua81Sj50GrbkteVPcScO,614677803103,Jn,Bb
2026-09-24 12:10:58,tejasreechandrikap@gmail.com,Batchmates ,AIML,Beginner,Teja Sree Chandrika,AVNIET,tejasreechandrikap@gmail.com,9951990837,Sahithi,AVNIET ,sahithihingoli@gmail.com,7995110262,Aksritha,255U1A7212,AVNIET ,aksrithag@gmail.com,9542018066,,,,,,8008087702@ptsbi,https://drive.google.com/open?id=1da0ma_FJFngFzKBnnmcEJcV9lVPQZkb7,tejasreechandrikap@okicici,I HAVE SUBMITTED MY TRANSACTION ID IN LUMA WAITING FOR APPROVAL,HAVE YOU JOINED THE GROUP
